timeStamp,elapsed,label,responseCode,responseMessage,threadName,dataType,success,failureMessage,bytes,sentBytes,grpThreads,allThreads,URL,Latency,IdleTime,Connect
1710712271767,419,/login/-89,200,OK,ThreadSafeAI 1-1,text,true,,3169,467,1,1,https://chatgptgw-super-admin.web.app/login/,417,0,335
1710712272190,50,/_next/data/MF_pWor52HdlWPgiMxgdl/apps/corp/edit/2b3d8b74-e48a-4730-bb3a-eac7ae07d50f.json-98,200,OK,ThreadSafeAI 1-1,text,true,,1400,559,1,1,https://chatgptgw-super-admin.web.app/_next/data/MF_pWor52HdlWPgiMxgdl/apps/corp/edit/2b3d8b74-e48a-4730-bb3a-eac7ae07d50f.json?id=2b3d8b74-e48a-4730-bb3a-eac7ae07d50f,49,0,0
1710712272240,49,/_next/data/MF_pWor52HdlWPgiMxgdl/apps/corp/edit/9c16999e-3a08-41a4-a62c-fed4994f9355.json-99,200,OK,ThreadSafeAI 1-1,text,true,,1400,559,1,1,https://chatgptgw-super-admin.web.app/_next/data/MF_pWor52HdlWPgiMxgdl/apps/corp/edit/9c16999e-3a08-41a4-a62c-fed4994f9355.json?id=9c16999e-3a08-41a4-a62c-fed4994f9355,49,0,0
1710712272290,51,/_next/data/MF_pWor52HdlWPgiMxgdl/apps/corp/edit/75c9f001-3696-4462-8f7c-956c4cec3f8d.json-100,200,OK,ThreadSafeAI 1-1,text,true,,1400,559,1,1,https://chatgptgw-super-admin.web.app/_next/data/MF_pWor52HdlWPgiMxgdl/apps/corp/edit/75c9f001-3696-4462-8f7c-956c4cec3f8d.json?id=75c9f001-3696-4462-8f7c-956c4cec3f8d,51,0,0
1710712272343,51,/_next/data/MF_pWor52HdlWPgiMxgdl/apps/corp/edit/d64eab39-4186-45a2-b438-963bfbfbfce1.json-102,200,OK,ThreadSafeAI 1-1,text,true,,1400,559,1,1,https://chatgptgw-super-admin.web.app/_next/data/MF_pWor52HdlWPgiMxgdl/apps/corp/edit/d64eab39-4186-45a2-b438-963bfbfbfce1.json?id=d64eab39-4186-45a2-b438-963bfbfbfce1,51,0,0
1710712272396,59,/_next/data/MF_pWor52HdlWPgiMxgdl/apps/corp/edit/0e268280-f639-4859-b0b3-b8404fe38deb.json-101,200,OK,ThreadSafeAI 1-1,text,true,,1400,559,1,1,https://chatgptgw-super-admin.web.app/_next/data/MF_pWor52HdlWPgiMxgdl/apps/corp/edit/0e268280-f639-4859-b0b3-b8404fe38deb.json?id=0e268280-f639-4859-b0b3-b8404fe38deb,59,0,0
1710712272456,61,/_next/data/MF_pWor52HdlWPgiMxgdl/apps/corp/edit/370674c8-c6cd-42d2-b6a2-1fe9dceffaf6.json-103,200,OK,ThreadSafeAI 1-1,text,true,,1400,559,1,1,https://chatgptgw-super-admin.web.app/_next/data/MF_pWor52HdlWPgiMxgdl/apps/corp/edit/370674c8-c6cd-42d2-b6a2-1fe9dceffaf6.json?id=370674c8-c6cd-42d2-b6a2-1fe9dceffaf6,61,0,0
1710712272519,50,/_next/data/MF_pWor52HdlWPgiMxgdl/apps/corp/edit/70cc6942-ce6e-481c-9e84-4cb8fd1348fb.json-104,200,OK,ThreadSafeAI 1-1,text,true,,1400,559,1,1,https://chatgptgw-super-admin.web.app/_next/data/MF_pWor52HdlWPgiMxgdl/apps/corp/edit/70cc6942-ce6e-481c-9e84-4cb8fd1348fb.json?id=70cc6942-ce6e-481c-9e84-4cb8fd1348fb,49,0,0
1710712272569,52,/_next/data/MF_pWor52HdlWPgiMxgdl/apps/corp/edit/96cb7ea1-ff86-4d0d-b8b0-1af7f7b0abbc.json-105,200,OK,ThreadSafeAI 1-1,text,true,,1400,559,1,1,https://chatgptgw-super-admin.web.app/_next/data/MF_pWor52HdlWPgiMxgdl/apps/corp/edit/96cb7ea1-ff86-4d0d-b8b0-1af7f7b0abbc.json?id=96cb7ea1-ff86-4d0d-b8b0-1af7f7b0abbc,51,0,0
1710712272622,50,/_next/data/MF_pWor52HdlWPgiMxgdl/apps/corp/edit/48f64df2-b7fb-4aad-9fa8-e7c999e69297.json-108,200,OK,ThreadSafeAI 1-1,text,true,,1400,559,2,2,https://chatgptgw-super-admin.web.app/_next/data/MF_pWor52HdlWPgiMxgdl/apps/corp/edit/48f64df2-b7fb-4aad-9fa8-e7c999e69297.json?id=48f64df2-b7fb-4aad-9fa8-e7c999e69297,50,0,0
1710712272672,50,/_next/data/MF_pWor52HdlWPgiMxgdl/apps/corp/edit/0a60a8c1-df2f-4f86-b566-4e82be8f1192.json-106,200,OK,ThreadSafeAI 1-1,text,true,,1400,559,2,2,https://chatgptgw-super-admin.web.app/_next/data/MF_pWor52HdlWPgiMxgdl/apps/corp/edit/0a60a8c1-df2f-4f86-b566-4e82be8f1192.json?id=0a60a8c1-df2f-4f86-b566-4e82be8f1192,50,0,0
1710712272723,47,/_next/data/MF_pWor52HdlWPgiMxgdl/apps/corp/edit/0b895e1e-c62e-4d69-b0e4-7b4c88e5c3e8.json-107,200,OK,ThreadSafeAI 1-1,text,true,,1401,559,2,2,https://chatgptgw-super-admin.web.app/_next/data/MF_pWor52HdlWPgiMxgdl/apps/corp/edit/0b895e1e-c62e-4d69-b0e4-7b4c88e5c3e8.json?id=0b895e1e-c62e-4d69-b0e4-7b4c88e5c3e8,47,0,0
1710712272771,49,/_next/data/MF_pWor52HdlWPgiMxgdl/apps/corp/edit/d46862ef-da3a-4135-827b-d0bf227178a2.json-109,200,OK,ThreadSafeAI 1-1,text,true,,1400,559,2,2,https://chatgptgw-super-admin.web.app/_next/data/MF_pWor52HdlWPgiMxgdl/apps/corp/edit/d46862ef-da3a-4135-827b-d0bf227178a2.json?id=d46862ef-da3a-4135-827b-d0bf227178a2,49,0,0
1710712272670,151,/login/-89,200,OK,ThreadSafeAI 1-2,text,true,,3169,467,2,2,https://chatgptgw-super-admin.web.app/login/,151,0,102
1710712272821,50,/_next/data/MF_pWor52HdlWPgiMxgdl/apps/corp/edit/2b3d8b74-e48a-4730-bb3a-eac7ae07d50f.json-98,200,OK,ThreadSafeAI 1-2,text,true,,1400,559,2,2,https://chatgptgw-super-admin.web.app/_next/data/MF_pWor52HdlWPgiMxgdl/apps/corp/edit/2b3d8b74-e48a-4730-bb3a-eac7ae07d50f.json?id=2b3d8b74-e48a-4730-bb3a-eac7ae07d50f,50,0,0
1710712272820,60,/_next/data/MF_pWor52HdlWPgiMxgdl/apps/corp/edit/8c98cfa1-139b-4e19-92b4-187f441a66b9.json-110,200,OK,ThreadSafeAI 1-1,text,true,,1400,559,2,2,https://chatgptgw-super-admin.web.app/_next/data/MF_pWor52HdlWPgiMxgdl/apps/corp/edit/8c98cfa1-139b-4e19-92b4-187f441a66b9.json?id=8c98cfa1-139b-4e19-92b4-187f441a66b9,59,0,0
1710712272892,1,Debug Sampler,200,OK,ThreadSafeAI 1-1,text,true,,283,0,2,2,null,0,0,0
1710712272872,49,/_next/data/MF_pWor52HdlWPgiMxgdl/apps/corp/edit/9c16999e-3a08-41a4-a62c-fed4994f9355.json-99,200,OK,ThreadSafeAI 1-2,text,true,,1400,559,1,1,https://chatgptgw-super-admin.web.app/_next/data/MF_pWor52HdlWPgiMxgdl/apps/corp/edit/9c16999e-3a08-41a4-a62c-fed4994f9355.json?id=9c16999e-3a08-41a4-a62c-fed4994f9355,49,0,0
1710712272922,48,/_next/data/MF_pWor52HdlWPgiMxgdl/apps/corp/edit/75c9f001-3696-4462-8f7c-956c4cec3f8d.json-100,200,OK,ThreadSafeAI 1-2,text,true,,1400,559,1,1,https://chatgptgw-super-admin.web.app/_next/data/MF_pWor52HdlWPgiMxgdl/apps/corp/edit/75c9f001-3696-4462-8f7c-956c4cec3f8d.json?id=75c9f001-3696-4462-8f7c-956c4cec3f8d,48,0,0
1710712272971,51,/_next/data/MF_pWor52HdlWPgiMxgdl/apps/corp/edit/d64eab39-4186-45a2-b438-963bfbfbfce1.json-102,200,OK,ThreadSafeAI 1-2,text,true,,1400,559,1,1,https://chatgptgw-super-admin.web.app/_next/data/MF_pWor52HdlWPgiMxgdl/apps/corp/edit/d64eab39-4186-45a2-b438-963bfbfbfce1.json?id=d64eab39-4186-45a2-b438-963bfbfbfce1,51,0,0
1710712273023,49,/_next/data/MF_pWor52HdlWPgiMxgdl/apps/corp/edit/0e268280-f639-4859-b0b3-b8404fe38deb.json-101,200,OK,ThreadSafeAI 1-2,text,true,,1400,559,1,1,https://chatgptgw-super-admin.web.app/_next/data/MF_pWor52HdlWPgiMxgdl/apps/corp/edit/0e268280-f639-4859-b0b3-b8404fe38deb.json?id=0e268280-f639-4859-b0b3-b8404fe38deb,49,0,0
1710712273073,49,/_next/data/MF_pWor52HdlWPgiMxgdl/apps/corp/edit/370674c8-c6cd-42d2-b6a2-1fe9dceffaf6.json-103,200,OK,ThreadSafeAI 1-2,text,true,,1400,559,1,1,https://chatgptgw-super-admin.web.app/_next/data/MF_pWor52HdlWPgiMxgdl/apps/corp/edit/370674c8-c6cd-42d2-b6a2-1fe9dceffaf6.json?id=370674c8-c6cd-42d2-b6a2-1fe9dceffaf6,49,0,0
1710712273123,50,/_next/data/MF_pWor52HdlWPgiMxgdl/apps/corp/edit/70cc6942-ce6e-481c-9e84-4cb8fd1348fb.json-104,200,OK,ThreadSafeAI 1-2,text,true,,1400,559,1,1,https://chatgptgw-super-admin.web.app/_next/data/MF_pWor52HdlWPgiMxgdl/apps/corp/edit/70cc6942-ce6e-481c-9e84-4cb8fd1348fb.json?id=70cc6942-ce6e-481c-9e84-4cb8fd1348fb,50,0,0
1710712273175,51,/_next/data/MF_pWor52HdlWPgiMxgdl/apps/corp/edit/96cb7ea1-ff86-4d0d-b8b0-1af7f7b0abbc.json-105,200,OK,ThreadSafeAI 1-2,text,true,,1400,559,1,1,https://chatgptgw-super-admin.web.app/_next/data/MF_pWor52HdlWPgiMxgdl/apps/corp/edit/96cb7ea1-ff86-4d0d-b8b0-1af7f7b0abbc.json?id=96cb7ea1-ff86-4d0d-b8b0-1af7f7b0abbc,51,0,0
1710712273228,48,/_next/data/MF_pWor52HdlWPgiMxgdl/apps/corp/edit/48f64df2-b7fb-4aad-9fa8-e7c999e69297.json-108,200,OK,ThreadSafeAI 1-2,text,true,,1400,559,1,1,https://chatgptgw-super-admin.web.app/_next/data/MF_pWor52HdlWPgiMxgdl/apps/corp/edit/48f64df2-b7fb-4aad-9fa8-e7c999e69297.json?id=48f64df2-b7fb-4aad-9fa8-e7c999e69297,48,0,0
1710712273277,48,/_next/data/MF_pWor52HdlWPgiMxgdl/apps/corp/edit/0a60a8c1-df2f-4f86-b566-4e82be8f1192.json-106,200,OK,ThreadSafeAI 1-2,text,true,,1400,559,1,1,https://chatgptgw-super-admin.web.app/_next/data/MF_pWor52HdlWPgiMxgdl/apps/corp/edit/0a60a8c1-df2f-4f86-b566-4e82be8f1192.json?id=0a60a8c1-df2f-4f86-b566-4e82be8f1192,48,0,0
1710712273326,50,/_next/data/MF_pWor52HdlWPgiMxgdl/apps/corp/edit/0b895e1e-c62e-4d69-b0e4-7b4c88e5c3e8.json-107,200,OK,ThreadSafeAI 1-2,text,true,,1400,559,1,1,https://chatgptgw-super-admin.web.app/_next/data/MF_pWor52HdlWPgiMxgdl/apps/corp/edit/0b895e1e-c62e-4d69-b0e4-7b4c88e5c3e8.json?id=0b895e1e-c62e-4d69-b0e4-7b4c88e5c3e8,49,0,0
1710712273377,50,/_next/data/MF_pWor52HdlWPgiMxgdl/apps/corp/edit/d46862ef-da3a-4135-827b-d0bf227178a2.json-109,200,OK,ThreadSafeAI 1-2,text,true,,1401,559,1,1,https://chatgptgw-super-admin.web.app/_next/data/MF_pWor52HdlWPgiMxgdl/apps/corp/edit/d46862ef-da3a-4135-827b-d0bf227178a2.json?id=d46862ef-da3a-4135-827b-d0bf227178a2,50,0,0
1710712273428,50,/_next/data/MF_pWor52HdlWPgiMxgdl/apps/corp/edit/8c98cfa1-139b-4e19-92b4-187f441a66b9.json-110,200,OK,ThreadSafeAI 1-2,text,true,,1400,559,1,1,https://chatgptgw-super-admin.web.app/_next/data/MF_pWor52HdlWPgiMxgdl/apps/corp/edit/8c98cfa1-139b-4e19-92b4-187f441a66b9.json?id=8c98cfa1-139b-4e19-92b4-187f441a66b9,50,0,0
1710712273479,1,Debug Sampler,200,OK,ThreadSafeAI 1-2,text,true,,283,0,1,1,null,0,0,0
1710712273673,155,/login/-89,200,OK,ThreadSafeAI 1-3,text,true,,3171,467,1,1,https://chatgptgw-super-admin.web.app/login/,155,0,106
1710712273829,48,/_next/data/MF_pWor52HdlWPgiMxgdl/apps/corp/edit/2b3d8b74-e48a-4730-bb3a-eac7ae07d50f.json-98,200,OK,ThreadSafeAI 1-3,text,true,,1402,559,1,1,https://chatgptgw-super-admin.web.app/_next/data/MF_pWor52HdlWPgiMxgdl/apps/corp/edit/2b3d8b74-e48a-4730-bb3a-eac7ae07d50f.json?id=2b3d8b74-e48a-4730-bb3a-eac7ae07d50f,48,0,0
1710712273877,59,/_next/data/MF_pWor52HdlWPgiMxgdl/apps/corp/edit/9c16999e-3a08-41a4-a62c-fed4994f9355.json-99,200,OK,ThreadSafeAI 1-3,text,true,,1402,559,1,1,https://chatgptgw-super-admin.web.app/_next/data/MF_pWor52HdlWPgiMxgdl/apps/corp/edit/9c16999e-3a08-41a4-a62c-fed4994f9355.json?id=9c16999e-3a08-41a4-a62c-fed4994f9355,59,0,0
1710712273937,51,/_next/data/MF_pWor52HdlWPgiMxgdl/apps/corp/edit/75c9f001-3696-4462-8f7c-956c4cec3f8d.json-100,200,OK,ThreadSafeAI 1-3,text,true,,1402,559,1,1,https://chatgptgw-super-admin.web.app/_next/data/MF_pWor52HdlWPgiMxgdl/apps/corp/edit/75c9f001-3696-4462-8f7c-956c4cec3f8d.json?id=75c9f001-3696-4462-8f7c-956c4cec3f8d,50,0,0
1710712273989,49,/_next/data/MF_pWor52HdlWPgiMxgdl/apps/corp/edit/d64eab39-4186-45a2-b438-963bfbfbfce1.json-102,200,OK,ThreadSafeAI 1-3,text,true,,1402,559,1,1,https://chatgptgw-super-admin.web.app/_next/data/MF_pWor52HdlWPgiMxgdl/apps/corp/edit/d64eab39-4186-45a2-b438-963bfbfbfce1.json?id=d64eab39-4186-45a2-b438-963bfbfbfce1,49,0,0
1710712274039,48,/_next/data/MF_pWor52HdlWPgiMxgdl/apps/corp/edit/0e268280-f639-4859-b0b3-b8404fe38deb.json-101,200,OK,ThreadSafeAI 1-3,text,true,,1402,559,1,1,https://chatgptgw-super-admin.web.app/_next/data/MF_pWor52HdlWPgiMxgdl/apps/corp/edit/0e268280-f639-4859-b0b3-b8404fe38deb.json?id=0e268280-f639-4859-b0b3-b8404fe38deb,48,0,0
1710712274087,49,/_next/data/MF_pWor52HdlWPgiMxgdl/apps/corp/edit/370674c8-c6cd-42d2-b6a2-1fe9dceffaf6.json-103,200,OK,ThreadSafeAI 1-3,text,true,,1402,559,1,1,https://chatgptgw-super-admin.web.app/_next/data/MF_pWor52HdlWPgiMxgdl/apps/corp/edit/370674c8-c6cd-42d2-b6a2-1fe9dceffaf6.json?id=370674c8-c6cd-42d2-b6a2-1fe9dceffaf6,49,0,0
1710712274137,58,/_next/data/MF_pWor52HdlWPgiMxgdl/apps/corp/edit/70cc6942-ce6e-481c-9e84-4cb8fd1348fb.json-104,200,OK,ThreadSafeAI 1-3,text,true,,1402,559,1,1,https://chatgptgw-super-admin.web.app/_next/data/MF_pWor52HdlWPgiMxgdl/apps/corp/edit/70cc6942-ce6e-481c-9e84-4cb8fd1348fb.json?id=70cc6942-ce6e-481c-9e84-4cb8fd1348fb,58,0,0
1710712274196,65,/_next/data/MF_pWor52HdlWPgiMxgdl/apps/corp/edit/96cb7ea1-ff86-4d0d-b8b0-1af7f7b0abbc.json-105,200,OK,ThreadSafeAI 1-3,text,true,,1402,559,1,1,https://chatgptgw-super-admin.web.app/_next/data/MF_pWor52HdlWPgiMxgdl/apps/corp/edit/96cb7ea1-ff86-4d0d-b8b0-1af7f7b0abbc.json?id=96cb7ea1-ff86-4d0d-b8b0-1af7f7b0abbc,65,0,0
1710712274262,50,/_next/data/MF_pWor52HdlWPgiMxgdl/apps/corp/edit/48f64df2-b7fb-4aad-9fa8-e7c999e69297.json-108,200,OK,ThreadSafeAI 1-3,text,true,,1402,559,1,1,https://chatgptgw-super-admin.web.app/_next/data/MF_pWor52HdlWPgiMxgdl/apps/corp/edit/48f64df2-b7fb-4aad-9fa8-e7c999e69297.json?id=48f64df2-b7fb-4aad-9fa8-e7c999e69297,50,0,0
1710712274313,49,/_next/data/MF_pWor52HdlWPgiMxgdl/apps/corp/edit/0a60a8c1-df2f-4f86-b566-4e82be8f1192.json-106,200,OK,ThreadSafeAI 1-3,text,true,,1402,559,1,1,https://chatgptgw-super-admin.web.app/_next/data/MF_pWor52HdlWPgiMxgdl/apps/corp/edit/0a60a8c1-df2f-4f86-b566-4e82be8f1192.json?id=0a60a8c1-df2f-4f86-b566-4e82be8f1192,49,0,0
1710712274362,69,/_next/data/MF_pWor52HdlWPgiMxgdl/apps/corp/edit/0b895e1e-c62e-4d69-b0e4-7b4c88e5c3e8.json-107,200,OK,ThreadSafeAI 1-3,text,true,,1402,559,1,1,https://chatgptgw-super-admin.web.app/_next/data/MF_pWor52HdlWPgiMxgdl/apps/corp/edit/0b895e1e-c62e-4d69-b0e4-7b4c88e5c3e8.json?id=0b895e1e-c62e-4d69-b0e4-7b4c88e5c3e8,69,0,0
1710712274432,58,/_next/data/MF_pWor52HdlWPgiMxgdl/apps/corp/edit/d46862ef-da3a-4135-827b-d0bf227178a2.json-109,200,OK,ThreadSafeAI 1-3,text,true,,1402,559,1,1,https://chatgptgw-super-admin.web.app/_next/data/MF_pWor52HdlWPgiMxgdl/apps/corp/edit/d46862ef-da3a-4135-827b-d0bf227178a2.json?id=d46862ef-da3a-4135-827b-d0bf227178a2,58,0,0
1710712274490,48,/_next/data/MF_pWor52HdlWPgiMxgdl/apps/corp/edit/8c98cfa1-139b-4e19-92b4-187f441a66b9.json-110,200,OK,ThreadSafeAI 1-3,text,true,,1402,559,1,1,https://chatgptgw-super-admin.web.app/_next/data/MF_pWor52HdlWPgiMxgdl/apps/corp/edit/8c98cfa1-139b-4e19-92b4-187f441a66b9.json?id=8c98cfa1-139b-4e19-92b4-187f441a66b9,48,0,0
1710712274538,1,Debug Sampler,200,OK,ThreadSafeAI 1-3,text,true,,283,0,1,1,null,0,0,0
1710712274672,162,/login/-89,200,OK,ThreadSafeAI 1-4,text,true,,3170,467,1,1,https://chatgptgw-super-admin.web.app/login/,162,0,108
1710712274835,52,/_next/data/MF_pWor52HdlWPgiMxgdl/apps/corp/edit/2b3d8b74-e48a-4730-bb3a-eac7ae07d50f.json-98,200,OK,ThreadSafeAI 1-4,text,true,,1400,559,1,1,https://chatgptgw-super-admin.web.app/_next/data/MF_pWor52HdlWPgiMxgdl/apps/corp/edit/2b3d8b74-e48a-4730-bb3a-eac7ae07d50f.json?id=2b3d8b74-e48a-4730-bb3a-eac7ae07d50f,52,0,0
1710712274888,50,/_next/data/MF_pWor52HdlWPgiMxgdl/apps/corp/edit/9c16999e-3a08-41a4-a62c-fed4994f9355.json-99,200,OK,ThreadSafeAI 1-4,text,true,,1400,559,1,1,https://chatgptgw-super-admin.web.app/_next/data/MF_pWor52HdlWPgiMxgdl/apps/corp/edit/9c16999e-3a08-41a4-a62c-fed4994f9355.json?id=9c16999e-3a08-41a4-a62c-fed4994f9355,50,0,0
1710712274938,51,/_next/data/MF_pWor52HdlWPgiMxgdl/apps/corp/edit/75c9f001-3696-4462-8f7c-956c4cec3f8d.json-100,200,OK,ThreadSafeAI 1-4,text,true,,1400,559,1,1,https://chatgptgw-super-admin.web.app/_next/data/MF_pWor52HdlWPgiMxgdl/apps/corp/edit/75c9f001-3696-4462-8f7c-956c4cec3f8d.json?id=75c9f001-3696-4462-8f7c-956c4cec3f8d,51,0,0
1710712274990,50,/_next/data/MF_pWor52HdlWPgiMxgdl/apps/corp/edit/d64eab39-4186-45a2-b438-963bfbfbfce1.json-102,200,OK,ThreadSafeAI 1-4,text,true,,1400,559,1,1,https://chatgptgw-super-admin.web.app/_next/data/MF_pWor52HdlWPgiMxgdl/apps/corp/edit/d64eab39-4186-45a2-b438-963bfbfbfce1.json?id=d64eab39-4186-45a2-b438-963bfbfbfce1,50,0,0
1710712275040,50,/_next/data/MF_pWor52HdlWPgiMxgdl/apps/corp/edit/0e268280-f639-4859-b0b3-b8404fe38deb.json-101,200,OK,ThreadSafeAI 1-4,text,true,,1400,559,1,1,https://chatgptgw-super-admin.web.app/_next/data/MF_pWor52HdlWPgiMxgdl/apps/corp/edit/0e268280-f639-4859-b0b3-b8404fe38deb.json?id=0e268280-f639-4859-b0b3-b8404fe38deb,50,0,0
1710712275091,54,/_next/data/MF_pWor52HdlWPgiMxgdl/apps/corp/edit/370674c8-c6cd-42d2-b6a2-1fe9dceffaf6.json-103,200,OK,ThreadSafeAI 1-4,text,true,,1400,559,1,1,https://chatgptgw-super-admin.web.app/_next/data/MF_pWor52HdlWPgiMxgdl/apps/corp/edit/370674c8-c6cd-42d2-b6a2-1fe9dceffaf6.json?id=370674c8-c6cd-42d2-b6a2-1fe9dceffaf6,53,0,0
1710712275145,72,/_next/data/MF_pWor52HdlWPgiMxgdl/apps/corp/edit/70cc6942-ce6e-481c-9e84-4cb8fd1348fb.json-104,200,OK,ThreadSafeAI 1-4,text,true,,1400,559,1,1,https://chatgptgw-super-admin.web.app/_next/data/MF_pWor52HdlWPgiMxgdl/apps/corp/edit/70cc6942-ce6e-481c-9e84-4cb8fd1348fb.json?id=70cc6942-ce6e-481c-9e84-4cb8fd1348fb,72,0,0
1710712275219,50,/_next/data/MF_pWor52HdlWPgiMxgdl/apps/corp/edit/96cb7ea1-ff86-4d0d-b8b0-1af7f7b0abbc.json-105,200,OK,ThreadSafeAI 1-4,text,true,,1400,559,1,1,https://chatgptgw-super-admin.web.app/_next/data/MF_pWor52HdlWPgiMxgdl/apps/corp/edit/96cb7ea1-ff86-4d0d-b8b0-1af7f7b0abbc.json?id=96cb7ea1-ff86-4d0d-b8b0-1af7f7b0abbc,50,0,0
1710712275271,49,/_next/data/MF_pWor52HdlWPgiMxgdl/apps/corp/edit/48f64df2-b7fb-4aad-9fa8-e7c999e69297.json-108,200,OK,ThreadSafeAI 1-4,text,true,,1400,559,1,1,https://chatgptgw-super-admin.web.app/_next/data/MF_pWor52HdlWPgiMxgdl/apps/corp/edit/48f64df2-b7fb-4aad-9fa8-e7c999e69297.json?id=48f64df2-b7fb-4aad-9fa8-e7c999e69297,49,0,0
1710712275321,51,/_next/data/MF_pWor52HdlWPgiMxgdl/apps/corp/edit/0a60a8c1-df2f-4f86-b566-4e82be8f1192.json-106,200,OK,ThreadSafeAI 1-4,text,true,,1400,559,1,1,https://chatgptgw-super-admin.web.app/_next/data/MF_pWor52HdlWPgiMxgdl/apps/corp/edit/0a60a8c1-df2f-4f86-b566-4e82be8f1192.json?id=0a60a8c1-df2f-4f86-b566-4e82be8f1192,51,0,0
1710712275373,49,/_next/data/MF_pWor52HdlWPgiMxgdl/apps/corp/edit/0b895e1e-c62e-4d69-b0e4-7b4c88e5c3e8.json-107,200,OK,ThreadSafeAI 1-4,text,true,,1400,559,1,1,https://chatgptgw-super-admin.web.app/_next/data/MF_pWor52HdlWPgiMxgdl/apps/corp/edit/0b895e1e-c62e-4d69-b0e4-7b4c88e5c3e8.json?id=0b895e1e-c62e-4d69-b0e4-7b4c88e5c3e8,49,0,0
1710712275422,51,/_next/data/MF_pWor52HdlWPgiMxgdl/apps/corp/edit/d46862ef-da3a-4135-827b-d0bf227178a2.json-109,200,OK,ThreadSafeAI 1-4,text,true,,1400,559,1,1,https://chatgptgw-super-admin.web.app/_next/data/MF_pWor52HdlWPgiMxgdl/apps/corp/edit/d46862ef-da3a-4135-827b-d0bf227178a2.json?id=d46862ef-da3a-4135-827b-d0bf227178a2,51,0,0
1710712275474,49,/_next/data/MF_pWor52HdlWPgiMxgdl/apps/corp/edit/8c98cfa1-139b-4e19-92b4-187f441a66b9.json-110,200,OK,ThreadSafeAI 1-4,text,true,,1400,559,1,1,https://chatgptgw-super-admin.web.app/_next/data/MF_pWor52HdlWPgiMxgdl/apps/corp/edit/8c98cfa1-139b-4e19-92b4-187f441a66b9.json?id=8c98cfa1-139b-4e19-92b4-187f441a66b9,49,0,0
1710712275523,0,Debug Sampler,200,OK,ThreadSafeAI 1-4,text,true,,283,0,1,1,null,0,0,0
1710712275673,166,/login/-89,200,OK,ThreadSafeAI 1-5,text,true,,3171,467,1,1,https://chatgptgw-super-admin.web.app/login/,166,0,116
1710712275840,48,/_next/data/MF_pWor52HdlWPgiMxgdl/apps/corp/edit/2b3d8b74-e48a-4730-bb3a-eac7ae07d50f.json-98,200,OK,ThreadSafeAI 1-5,text,true,,1402,559,1,1,https://chatgptgw-super-admin.web.app/_next/data/MF_pWor52HdlWPgiMxgdl/apps/corp/edit/2b3d8b74-e48a-4730-bb3a-eac7ae07d50f.json?id=2b3d8b74-e48a-4730-bb3a-eac7ae07d50f,48,0,0
1710712275889,50,/_next/data/MF_pWor52HdlWPgiMxgdl/apps/corp/edit/9c16999e-3a08-41a4-a62c-fed4994f9355.json-99,200,OK,ThreadSafeAI 1-5,text,true,,1402,559,1,1,https://chatgptgw-super-admin.web.app/_next/data/MF_pWor52HdlWPgiMxgdl/apps/corp/edit/9c16999e-3a08-41a4-a62c-fed4994f9355.json?id=9c16999e-3a08-41a4-a62c-fed4994f9355,50,0,0
1710712275940,50,/_next/data/MF_pWor52HdlWPgiMxgdl/apps/corp/edit/75c9f001-3696-4462-8f7c-956c4cec3f8d.json-100,200,OK,ThreadSafeAI 1-5,text,true,,1402,559,1,1,https://chatgptgw-super-admin.web.app/_next/data/MF_pWor52HdlWPgiMxgdl/apps/corp/edit/75c9f001-3696-4462-8f7c-956c4cec3f8d.json?id=75c9f001-3696-4462-8f7c-956c4cec3f8d,50,0,0
1710712275991,50,/_next/data/MF_pWor52HdlWPgiMxgdl/apps/corp/edit/d64eab39-4186-45a2-b438-963bfbfbfce1.json-102,200,OK,ThreadSafeAI 1-5,text,true,,1402,559,1,1,https://chatgptgw-super-admin.web.app/_next/data/MF_pWor52HdlWPgiMxgdl/apps/corp/edit/d64eab39-4186-45a2-b438-963bfbfbfce1.json?id=d64eab39-4186-45a2-b438-963bfbfbfce1,50,0,0
1710712276042,70,/_next/data/MF_pWor52HdlWPgiMxgdl/apps/corp/edit/0e268280-f639-4859-b0b3-b8404fe38deb.json-101,200,OK,ThreadSafeAI 1-5,text,true,,1403,559,1,1,https://chatgptgw-super-admin.web.app/_next/data/MF_pWor52HdlWPgiMxgdl/apps/corp/edit/0e268280-f639-4859-b0b3-b8404fe38deb.json?id=0e268280-f639-4859-b0b3-b8404fe38deb,70,0,0
1710712276113,53,/_next/data/MF_pWor52HdlWPgiMxgdl/apps/corp/edit/370674c8-c6cd-42d2-b6a2-1fe9dceffaf6.json-103,200,OK,ThreadSafeAI 1-5,text,true,,1402,559,1,1,https://chatgptgw-super-admin.web.app/_next/data/MF_pWor52HdlWPgiMxgdl/apps/corp/edit/370674c8-c6cd-42d2-b6a2-1fe9dceffaf6.json?id=370674c8-c6cd-42d2-b6a2-1fe9dceffaf6,53,0,0
1710712276166,49,/_next/data/MF_pWor52HdlWPgiMxgdl/apps/corp/edit/70cc6942-ce6e-481c-9e84-4cb8fd1348fb.json-104,200,OK,ThreadSafeAI 1-5,text,true,,1402,559,1,1,https://chatgptgw-super-admin.web.app/_next/data/MF_pWor52HdlWPgiMxgdl/apps/corp/edit/70cc6942-ce6e-481c-9e84-4cb8fd1348fb.json?id=70cc6942-ce6e-481c-9e84-4cb8fd1348fb,49,0,0
1710712276216,55,/_next/data/MF_pWor52HdlWPgiMxgdl/apps/corp/edit/96cb7ea1-ff86-4d0d-b8b0-1af7f7b0abbc.json-105,200,OK,ThreadSafeAI 1-5,text,true,,1402,559,1,1,https://chatgptgw-super-admin.web.app/_next/data/MF_pWor52HdlWPgiMxgdl/apps/corp/edit/96cb7ea1-ff86-4d0d-b8b0-1af7f7b0abbc.json?id=96cb7ea1-ff86-4d0d-b8b0-1af7f7b0abbc,55,0,0
1710712276271,49,/_next/data/MF_pWor52HdlWPgiMxgdl/apps/corp/edit/48f64df2-b7fb-4aad-9fa8-e7c999e69297.json-108,200,OK,ThreadSafeAI 1-5,text,true,,1402,559,1,1,https://chatgptgw-super-admin.web.app/_next/data/MF_pWor52HdlWPgiMxgdl/apps/corp/edit/48f64df2-b7fb-4aad-9fa8-e7c999e69297.json?id=48f64df2-b7fb-4aad-9fa8-e7c999e69297,49,0,0
1710712276321,50,/_next/data/MF_pWor52HdlWPgiMxgdl/apps/corp/edit/0a60a8c1-df2f-4f86-b566-4e82be8f1192.json-106,200,OK,ThreadSafeAI 1-5,text,true,,1402,559,1,1,https://chatgptgw-super-admin.web.app/_next/data/MF_pWor52HdlWPgiMxgdl/apps/corp/edit/0a60a8c1-df2f-4f86-b566-4e82be8f1192.json?id=0a60a8c1-df2f-4f86-b566-4e82be8f1192,50,0,0
1710712276372,51,/_next/data/MF_pWor52HdlWPgiMxgdl/apps/corp/edit/0b895e1e-c62e-4d69-b0e4-7b4c88e5c3e8.json-107,200,OK,ThreadSafeAI 1-5,text,true,,1402,559,1,1,https://chatgptgw-super-admin.web.app/_next/data/MF_pWor52HdlWPgiMxgdl/apps/corp/edit/0b895e1e-c62e-4d69-b0e4-7b4c88e5c3e8.json?id=0b895e1e-c62e-4d69-b0e4-7b4c88e5c3e8,50,0,0
1710712276424,49,/_next/data/MF_pWor52HdlWPgiMxgdl/apps/corp/edit/d46862ef-da3a-4135-827b-d0bf227178a2.json-109,200,OK,ThreadSafeAI 1-5,text,true,,1402,559,1,1,https://chatgptgw-super-admin.web.app/_next/data/MF_pWor52HdlWPgiMxgdl/apps/corp/edit/d46862ef-da3a-4135-827b-d0bf227178a2.json?id=d46862ef-da3a-4135-827b-d0bf227178a2,49,0,0
1710712276474,49,/_next/data/MF_pWor52HdlWPgiMxgdl/apps/corp/edit/8c98cfa1-139b-4e19-92b4-187f441a66b9.json-110,200,OK,ThreadSafeAI 1-5,text,true,,1402,559,1,1,https://chatgptgw-super-admin.web.app/_next/data/MF_pWor52HdlWPgiMxgdl/apps/corp/edit/8c98cfa1-139b-4e19-92b4-187f441a66b9.json?id=8c98cfa1-139b-4e19-92b4-187f441a66b9,49,0,0
1710712276524,0,Debug Sampler,200,OK,ThreadSafeAI 1-5,text,true,,283,0,1,1,null,0,0,0
1710712276671,157,/login/-89,200,OK,ThreadSafeAI 1-6,text,true,,3169,467,1,1,https://chatgptgw-super-admin.web.app/login/,157,0,107
1710712276828,51,/_next/data/MF_pWor52HdlWPgiMxgdl/apps/corp/edit/2b3d8b74-e48a-4730-bb3a-eac7ae07d50f.json-98,200,OK,ThreadSafeAI 1-6,text,true,,1400,559,1,1,https://chatgptgw-super-admin.web.app/_next/data/MF_pWor52HdlWPgiMxgdl/apps/corp/edit/2b3d8b74-e48a-4730-bb3a-eac7ae07d50f.json?id=2b3d8b74-e48a-4730-bb3a-eac7ae07d50f,50,0,0
1710712276879,50,/_next/data/MF_pWor52HdlWPgiMxgdl/apps/corp/edit/9c16999e-3a08-41a4-a62c-fed4994f9355.json-99,200,OK,ThreadSafeAI 1-6,text,true,,1400,559,1,1,https://chatgptgw-super-admin.web.app/_next/data/MF_pWor52HdlWPgiMxgdl/apps/corp/edit/9c16999e-3a08-41a4-a62c-fed4994f9355.json?id=9c16999e-3a08-41a4-a62c-fed4994f9355,50,0,0
1710712276930,50,/_next/data/MF_pWor52HdlWPgiMxgdl/apps/corp/edit/75c9f001-3696-4462-8f7c-956c4cec3f8d.json-100,200,OK,ThreadSafeAI 1-6,text,true,,1400,559,1,1,https://chatgptgw-super-admin.web.app/_next/data/MF_pWor52HdlWPgiMxgdl/apps/corp/edit/75c9f001-3696-4462-8f7c-956c4cec3f8d.json?id=75c9f001-3696-4462-8f7c-956c4cec3f8d,50,0,0
1710712276981,50,/_next/data/MF_pWor52HdlWPgiMxgdl/apps/corp/edit/d64eab39-4186-45a2-b438-963bfbfbfce1.json-102,200,OK,ThreadSafeAI 1-6,text,true,,1400,559,1,1,https://chatgptgw-super-admin.web.app/_next/data/MF_pWor52HdlWPgiMxgdl/apps/corp/edit/d64eab39-4186-45a2-b438-963bfbfbfce1.json?id=d64eab39-4186-45a2-b438-963bfbfbfce1,50,0,0
1710712277032,51,/_next/data/MF_pWor52HdlWPgiMxgdl/apps/corp/edit/0e268280-f639-4859-b0b3-b8404fe38deb.json-101,200,OK,ThreadSafeAI 1-6,text,true,,1400,559,1,1,https://chatgptgw-super-admin.web.app/_next/data/MF_pWor52HdlWPgiMxgdl/apps/corp/edit/0e268280-f639-4859-b0b3-b8404fe38deb.json?id=0e268280-f639-4859-b0b3-b8404fe38deb,50,0,0
1710712277084,50,/_next/data/MF_pWor52HdlWPgiMxgdl/apps/corp/edit/370674c8-c6cd-42d2-b6a2-1fe9dceffaf6.json-103,200,OK,ThreadSafeAI 1-6,text,true,,1400,559,1,1,https://chatgptgw-super-admin.web.app/_next/data/MF_pWor52HdlWPgiMxgdl/apps/corp/edit/370674c8-c6cd-42d2-b6a2-1fe9dceffaf6.json?id=370674c8-c6cd-42d2-b6a2-1fe9dceffaf6,50,0,0
1710712277135,50,/_next/data/MF_pWor52HdlWPgiMxgdl/apps/corp/edit/70cc6942-ce6e-481c-9e84-4cb8fd1348fb.json-104,200,OK,ThreadSafeAI 1-6,text,true,,1400,559,1,1,https://chatgptgw-super-admin.web.app/_next/data/MF_pWor52HdlWPgiMxgdl/apps/corp/edit/70cc6942-ce6e-481c-9e84-4cb8fd1348fb.json?id=70cc6942-ce6e-481c-9e84-4cb8fd1348fb,50,0,0
1710712277185,49,/_next/data/MF_pWor52HdlWPgiMxgdl/apps/corp/edit/96cb7ea1-ff86-4d0d-b8b0-1af7f7b0abbc.json-105,200,OK,ThreadSafeAI 1-6,text,true,,1400,559,1,1,https://chatgptgw-super-admin.web.app/_next/data/MF_pWor52HdlWPgiMxgdl/apps/corp/edit/96cb7ea1-ff86-4d0d-b8b0-1af7f7b0abbc.json?id=96cb7ea1-ff86-4d0d-b8b0-1af7f7b0abbc,49,0,0
1710712277235,49,/_next/data/MF_pWor52HdlWPgiMxgdl/apps/corp/edit/48f64df2-b7fb-4aad-9fa8-e7c999e69297.json-108,200,OK,ThreadSafeAI 1-6,text,true,,1400,559,1,1,https://chatgptgw-super-admin.web.app/_next/data/MF_pWor52HdlWPgiMxgdl/apps/corp/edit/48f64df2-b7fb-4aad-9fa8-e7c999e69297.json?id=48f64df2-b7fb-4aad-9fa8-e7c999e69297,49,0,0
1710712277285,49,/_next/data/MF_pWor52HdlWPgiMxgdl/apps/corp/edit/0a60a8c1-df2f-4f86-b566-4e82be8f1192.json-106,200,OK,ThreadSafeAI 1-6,text,true,,1400,559,1,1,https://chatgptgw-super-admin.web.app/_next/data/MF_pWor52HdlWPgiMxgdl/apps/corp/edit/0a60a8c1-df2f-4f86-b566-4e82be8f1192.json?id=0a60a8c1-df2f-4f86-b566-4e82be8f1192,49,0,0
1710712277335,50,/_next/data/MF_pWor52HdlWPgiMxgdl/apps/corp/edit/0b895e1e-c62e-4d69-b0e4-7b4c88e5c3e8.json-107,200,OK,ThreadSafeAI 1-6,text,true,,1400,559,1,1,https://chatgptgw-super-admin.web.app/_next/data/MF_pWor52HdlWPgiMxgdl/apps/corp/edit/0b895e1e-c62e-4d69-b0e4-7b4c88e5c3e8.json?id=0b895e1e-c62e-4d69-b0e4-7b4c88e5c3e8,50,0,0
1710712277386,50,/_next/data/MF_pWor52HdlWPgiMxgdl/apps/corp/edit/d46862ef-da3a-4135-827b-d0bf227178a2.json-109,200,OK,ThreadSafeAI 1-6,text,true,,1400,559,1,1,https://chatgptgw-super-admin.web.app/_next/data/MF_pWor52HdlWPgiMxgdl/apps/corp/edit/d46862ef-da3a-4135-827b-d0bf227178a2.json?id=d46862ef-da3a-4135-827b-d0bf227178a2,50,0,0
1710712277437,50,/_next/data/MF_pWor52HdlWPgiMxgdl/apps/corp/edit/8c98cfa1-139b-4e19-92b4-187f441a66b9.json-110,200,OK,ThreadSafeAI 1-6,text,true,,1400,559,1,1,https://chatgptgw-super-admin.web.app/_next/data/MF_pWor52HdlWPgiMxgdl/apps/corp/edit/8c98cfa1-139b-4e19-92b4-187f441a66b9.json?id=8c98cfa1-139b-4e19-92b4-187f441a66b9,50,0,0
1710712277487,0,Debug Sampler,200,OK,ThreadSafeAI 1-6,text,true,,283,0,1,1,null,0,0,0
1710712277672,155,/login/-89,200,OK,ThreadSafeAI 1-7,text,true,,3169,467,1,1,https://chatgptgw-super-admin.web.app/login/,155,0,105
1710712277828,49,/_next/data/MF_pWor52HdlWPgiMxgdl/apps/corp/edit/2b3d8b74-e48a-4730-bb3a-eac7ae07d50f.json-98,200,OK,ThreadSafeAI 1-7,text,true,,1400,559,1,1,https://chatgptgw-super-admin.web.app/_next/data/MF_pWor52HdlWPgiMxgdl/apps/corp/edit/2b3d8b74-e48a-4730-bb3a-eac7ae07d50f.json?id=2b3d8b74-e48a-4730-bb3a-eac7ae07d50f,49,0,0
1710712277877,48,/_next/data/MF_pWor52HdlWPgiMxgdl/apps/corp/edit/9c16999e-3a08-41a4-a62c-fed4994f9355.json-99,200,OK,ThreadSafeAI 1-7,text,true,,1400,559,1,1,https://chatgptgw-super-admin.web.app/_next/data/MF_pWor52HdlWPgiMxgdl/apps/corp/edit/9c16999e-3a08-41a4-a62c-fed4994f9355.json?id=9c16999e-3a08-41a4-a62c-fed4994f9355,48,0,0
1710712277926,49,/_next/data/MF_pWor52HdlWPgiMxgdl/apps/corp/edit/75c9f001-3696-4462-8f7c-956c4cec3f8d.json-100,200,OK,ThreadSafeAI 1-7,text,true,,1400,559,1,1,https://chatgptgw-super-admin.web.app/_next/data/MF_pWor52HdlWPgiMxgdl/apps/corp/edit/75c9f001-3696-4462-8f7c-956c4cec3f8d.json?id=75c9f001-3696-4462-8f7c-956c4cec3f8d,49,0,0
1710712277976,49,/_next/data/MF_pWor52HdlWPgiMxgdl/apps/corp/edit/d64eab39-4186-45a2-b438-963bfbfbfce1.json-102,200,OK,ThreadSafeAI 1-7,text,true,,1400,559,1,1,https://chatgptgw-super-admin.web.app/_next/data/MF_pWor52HdlWPgiMxgdl/apps/corp/edit/d64eab39-4186-45a2-b438-963bfbfbfce1.json?id=d64eab39-4186-45a2-b438-963bfbfbfce1,49,0,0
1710712278026,48,/_next/data/MF_pWor52HdlWPgiMxgdl/apps/corp/edit/0e268280-f639-4859-b0b3-b8404fe38deb.json-101,200,OK,ThreadSafeAI 1-7,text,true,,1400,559,1,1,https://chatgptgw-super-admin.web.app/_next/data/MF_pWor52HdlWPgiMxgdl/apps/corp/edit/0e268280-f639-4859-b0b3-b8404fe38deb.json?id=0e268280-f639-4859-b0b3-b8404fe38deb,48,0,0
1710712278075,49,/_next/data/MF_pWor52HdlWPgiMxgdl/apps/corp/edit/370674c8-c6cd-42d2-b6a2-1fe9dceffaf6.json-103,200,OK,ThreadSafeAI 1-7,text,true,,1400,559,1,1,https://chatgptgw-super-admin.web.app/_next/data/MF_pWor52HdlWPgiMxgdl/apps/corp/edit/370674c8-c6cd-42d2-b6a2-1fe9dceffaf6.json?id=370674c8-c6cd-42d2-b6a2-1fe9dceffaf6,49,0,0
1710712278125,57,/_next/data/MF_pWor52HdlWPgiMxgdl/apps/corp/edit/70cc6942-ce6e-481c-9e84-4cb8fd1348fb.json-104,200,OK,ThreadSafeAI 1-7,text,true,,1400,559,1,1,https://chatgptgw-super-admin.web.app/_next/data/MF_pWor52HdlWPgiMxgdl/apps/corp/edit/70cc6942-ce6e-481c-9e84-4cb8fd1348fb.json?id=70cc6942-ce6e-481c-9e84-4cb8fd1348fb,57,0,0
1710712278183,55,/_next/data/MF_pWor52HdlWPgiMxgdl/apps/corp/edit/96cb7ea1-ff86-4d0d-b8b0-1af7f7b0abbc.json-105,200,OK,ThreadSafeAI 1-7,text,true,,1400,559,1,1,https://chatgptgw-super-admin.web.app/_next/data/MF_pWor52HdlWPgiMxgdl/apps/corp/edit/96cb7ea1-ff86-4d0d-b8b0-1af7f7b0abbc.json?id=96cb7ea1-ff86-4d0d-b8b0-1af7f7b0abbc,54,0,0
1710712278239,48,/_next/data/MF_pWor52HdlWPgiMxgdl/apps/corp/edit/48f64df2-b7fb-4aad-9fa8-e7c999e69297.json-108,200,OK,ThreadSafeAI 1-7,text,true,,1400,559,1,1,https://chatgptgw-super-admin.web.app/_next/data/MF_pWor52HdlWPgiMxgdl/apps/corp/edit/48f64df2-b7fb-4aad-9fa8-e7c999e69297.json?id=48f64df2-b7fb-4aad-9fa8-e7c999e69297,48,0,0
1710712278288,49,/_next/data/MF_pWor52HdlWPgiMxgdl/apps/corp/edit/0a60a8c1-df2f-4f86-b566-4e82be8f1192.json-106,200,OK,ThreadSafeAI 1-7,text,true,,1400,559,1,1,https://chatgptgw-super-admin.web.app/_next/data/MF_pWor52HdlWPgiMxgdl/apps/corp/edit/0a60a8c1-df2f-4f86-b566-4e82be8f1192.json?id=0a60a8c1-df2f-4f86-b566-4e82be8f1192,49,0,0
1710712278338,49,/_next/data/MF_pWor52HdlWPgiMxgdl/apps/corp/edit/0b895e1e-c62e-4d69-b0e4-7b4c88e5c3e8.json-107,200,OK,ThreadSafeAI 1-7,text,true,,1400,559,1,1,https://chatgptgw-super-admin.web.app/_next/data/MF_pWor52HdlWPgiMxgdl/apps/corp/edit/0b895e1e-c62e-4d69-b0e4-7b4c88e5c3e8.json?id=0b895e1e-c62e-4d69-b0e4-7b4c88e5c3e8,49,0,0
1710712278388,48,/_next/data/MF_pWor52HdlWPgiMxgdl/apps/corp/edit/d46862ef-da3a-4135-827b-d0bf227178a2.json-109,200,OK,ThreadSafeAI 1-7,text,true,,1400,559,1,1,https://chatgptgw-super-admin.web.app/_next/data/MF_pWor52HdlWPgiMxgdl/apps/corp/edit/d46862ef-da3a-4135-827b-d0bf227178a2.json?id=d46862ef-da3a-4135-827b-d0bf227178a2,48,0,0
1710712278437,49,/_next/data/MF_pWor52HdlWPgiMxgdl/apps/corp/edit/8c98cfa1-139b-4e19-92b4-187f441a66b9.json-110,200,OK,ThreadSafeAI 1-7,text,true,,1400,559,1,1,https://chatgptgw-super-admin.web.app/_next/data/MF_pWor52HdlWPgiMxgdl/apps/corp/edit/8c98cfa1-139b-4e19-92b4-187f441a66b9.json?id=8c98cfa1-139b-4e19-92b4-187f441a66b9,48,0,0
1710712278486,0,Debug Sampler,200,OK,ThreadSafeAI 1-7,text,true,,283,0,1,1,null,0,0,0
1710712278678,156,/login/-89,200,OK,ThreadSafeAI 1-8,text,true,,3171,467,1,1,https://chatgptgw-super-admin.web.app/login/,156,0,107
1710712278834,48,/_next/data/MF_pWor52HdlWPgiMxgdl/apps/corp/edit/2b3d8b74-e48a-4730-bb3a-eac7ae07d50f.json-98,200,OK,ThreadSafeAI 1-8,text,true,,1402,559,1,1,https://chatgptgw-super-admin.web.app/_next/data/MF_pWor52HdlWPgiMxgdl/apps/corp/edit/2b3d8b74-e48a-4730-bb3a-eac7ae07d50f.json?id=2b3d8b74-e48a-4730-bb3a-eac7ae07d50f,48,0,0
1710712278882,48,/_next/data/MF_pWor52HdlWPgiMxgdl/apps/corp/edit/9c16999e-3a08-41a4-a62c-fed4994f9355.json-99,200,OK,ThreadSafeAI 1-8,text,true,,1402,559,1,1,https://chatgptgw-super-admin.web.app/_next/data/MF_pWor52HdlWPgiMxgdl/apps/corp/edit/9c16999e-3a08-41a4-a62c-fed4994f9355.json?id=9c16999e-3a08-41a4-a62c-fed4994f9355,48,0,0
1710712278931,47,/_next/data/MF_pWor52HdlWPgiMxgdl/apps/corp/edit/75c9f001-3696-4462-8f7c-956c4cec3f8d.json-100,200,OK,ThreadSafeAI 1-8,text,true,,1402,559,1,1,https://chatgptgw-super-admin.web.app/_next/data/MF_pWor52HdlWPgiMxgdl/apps/corp/edit/75c9f001-3696-4462-8f7c-956c4cec3f8d.json?id=75c9f001-3696-4462-8f7c-956c4cec3f8d,47,0,0
1710712278978,48,/_next/data/MF_pWor52HdlWPgiMxgdl/apps/corp/edit/d64eab39-4186-45a2-b438-963bfbfbfce1.json-102,200,OK,ThreadSafeAI 1-8,text,true,,1402,559,1,1,https://chatgptgw-super-admin.web.app/_next/data/MF_pWor52HdlWPgiMxgdl/apps/corp/edit/d64eab39-4186-45a2-b438-963bfbfbfce1.json?id=d64eab39-4186-45a2-b438-963bfbfbfce1,48,0,0
1710712279026,49,/_next/data/MF_pWor52HdlWPgiMxgdl/apps/corp/edit/0e268280-f639-4859-b0b3-b8404fe38deb.json-101,200,OK,ThreadSafeAI 1-8,text,true,,1402,559,1,1,https://chatgptgw-super-admin.web.app/_next/data/MF_pWor52HdlWPgiMxgdl/apps/corp/edit/0e268280-f639-4859-b0b3-b8404fe38deb.json?id=0e268280-f639-4859-b0b3-b8404fe38deb,49,0,0
1710712279076,53,/_next/data/MF_pWor52HdlWPgiMxgdl/apps/corp/edit/370674c8-c6cd-42d2-b6a2-1fe9dceffaf6.json-103,200,OK,ThreadSafeAI 1-8,text,true,,1402,559,1,1,https://chatgptgw-super-admin.web.app/_next/data/MF_pWor52HdlWPgiMxgdl/apps/corp/edit/370674c8-c6cd-42d2-b6a2-1fe9dceffaf6.json?id=370674c8-c6cd-42d2-b6a2-1fe9dceffaf6,52,0,0
1710712279130,49,/_next/data/MF_pWor52HdlWPgiMxgdl/apps/corp/edit/70cc6942-ce6e-481c-9e84-4cb8fd1348fb.json-104,200,OK,ThreadSafeAI 1-8,text,true,,1402,559,1,1,https://chatgptgw-super-admin.web.app/_next/data/MF_pWor52HdlWPgiMxgdl/apps/corp/edit/70cc6942-ce6e-481c-9e84-4cb8fd1348fb.json?id=70cc6942-ce6e-481c-9e84-4cb8fd1348fb,49,0,0
1710712279180,68,/_next/data/MF_pWor52HdlWPgiMxgdl/apps/corp/edit/96cb7ea1-ff86-4d0d-b8b0-1af7f7b0abbc.json-105,200,OK,ThreadSafeAI 1-8,text,true,,1402,559,1,1,https://chatgptgw-super-admin.web.app/_next/data/MF_pWor52HdlWPgiMxgdl/apps/corp/edit/96cb7ea1-ff86-4d0d-b8b0-1af7f7b0abbc.json?id=96cb7ea1-ff86-4d0d-b8b0-1af7f7b0abbc,68,0,0
1710712279249,50,/_next/data/MF_pWor52HdlWPgiMxgdl/apps/corp/edit/48f64df2-b7fb-4aad-9fa8-e7c999e69297.json-108,200,OK,ThreadSafeAI 1-8,text,true,,1402,559,1,1,https://chatgptgw-super-admin.web.app/_next/data/MF_pWor52HdlWPgiMxgdl/apps/corp/edit/48f64df2-b7fb-4aad-9fa8-e7c999e69297.json?id=48f64df2-b7fb-4aad-9fa8-e7c999e69297,50,0,0
1710712279300,49,/_next/data/MF_pWor52HdlWPgiMxgdl/apps/corp/edit/0a60a8c1-df2f-4f86-b566-4e82be8f1192.json-106,200,OK,ThreadSafeAI 1-8,text,true,,1402,559,1,1,https://chatgptgw-super-admin.web.app/_next/data/MF_pWor52HdlWPgiMxgdl/apps/corp/edit/0a60a8c1-df2f-4f86-b566-4e82be8f1192.json?id=0a60a8c1-df2f-4f86-b566-4e82be8f1192,49,0,0
1710712279350,49,/_next/data/MF_pWor52HdlWPgiMxgdl/apps/corp/edit/0b895e1e-c62e-4d69-b0e4-7b4c88e5c3e8.json-107,200,OK,ThreadSafeAI 1-8,text,true,,1402,559,1,1,https://chatgptgw-super-admin.web.app/_next/data/MF_pWor52HdlWPgiMxgdl/apps/corp/edit/0b895e1e-c62e-4d69-b0e4-7b4c88e5c3e8.json?id=0b895e1e-c62e-4d69-b0e4-7b4c88e5c3e8,49,0,0
1710712279400,50,/_next/data/MF_pWor52HdlWPgiMxgdl/apps/corp/edit/d46862ef-da3a-4135-827b-d0bf227178a2.json-109,200,OK,ThreadSafeAI 1-8,text,true,,1402,559,1,1,https://chatgptgw-super-admin.web.app/_next/data/MF_pWor52HdlWPgiMxgdl/apps/corp/edit/d46862ef-da3a-4135-827b-d0bf227178a2.json?id=d46862ef-da3a-4135-827b-d0bf227178a2,50,0,0
1710712279451,49,/_next/data/MF_pWor52HdlWPgiMxgdl/apps/corp/edit/8c98cfa1-139b-4e19-92b4-187f441a66b9.json-110,200,OK,ThreadSafeAI 1-8,text,true,,1402,559,1,1,https://chatgptgw-super-admin.web.app/_next/data/MF_pWor52HdlWPgiMxgdl/apps/corp/edit/8c98cfa1-139b-4e19-92b4-187f441a66b9.json?id=8c98cfa1-139b-4e19-92b4-187f441a66b9,49,0,0
1710712279501,0,Debug Sampler,200,OK,ThreadSafeAI 1-8,text,true,,283,0,1,1,null,0,0,0
1710712279677,155,/login/-89,200,OK,ThreadSafeAI 1-9,text,true,,3169,467,1,1,https://chatgptgw-super-admin.web.app/login/,155,0,106
1710712279833,48,/_next/data/MF_pWor52HdlWPgiMxgdl/apps/corp/edit/2b3d8b74-e48a-4730-bb3a-eac7ae07d50f.json-98,200,OK,ThreadSafeAI 1-9,text,true,,1400,559,1,1,https://chatgptgw-super-admin.web.app/_next/data/MF_pWor52HdlWPgiMxgdl/apps/corp/edit/2b3d8b74-e48a-4730-bb3a-eac7ae07d50f.json?id=2b3d8b74-e48a-4730-bb3a-eac7ae07d50f,48,0,0
1710712279881,48,/_next/data/MF_pWor52HdlWPgiMxgdl/apps/corp/edit/9c16999e-3a08-41a4-a62c-fed4994f9355.json-99,200,OK,ThreadSafeAI 1-9,text,true,,1400,559,1,1,https://chatgptgw-super-admin.web.app/_next/data/MF_pWor52HdlWPgiMxgdl/apps/corp/edit/9c16999e-3a08-41a4-a62c-fed4994f9355.json?id=9c16999e-3a08-41a4-a62c-fed4994f9355,48,0,0
1710712279929,48,/_next/data/MF_pWor52HdlWPgiMxgdl/apps/corp/edit/75c9f001-3696-4462-8f7c-956c4cec3f8d.json-100,200,OK,ThreadSafeAI 1-9,text,true,,1400,559,1,1,https://chatgptgw-super-admin.web.app/_next/data/MF_pWor52HdlWPgiMxgdl/apps/corp/edit/75c9f001-3696-4462-8f7c-956c4cec3f8d.json?id=75c9f001-3696-4462-8f7c-956c4cec3f8d,48,0,0
1710712279977,49,/_next/data/MF_pWor52HdlWPgiMxgdl/apps/corp/edit/d64eab39-4186-45a2-b438-963bfbfbfce1.json-102,200,OK,ThreadSafeAI 1-9,text,true,,1400,559,1,1,https://chatgptgw-super-admin.web.app/_next/data/MF_pWor52HdlWPgiMxgdl/apps/corp/edit/d64eab39-4186-45a2-b438-963bfbfbfce1.json?id=d64eab39-4186-45a2-b438-963bfbfbfce1,49,0,0
1710712280027,49,/_next/data/MF_pWor52HdlWPgiMxgdl/apps/corp/edit/0e268280-f639-4859-b0b3-b8404fe38deb.json-101,200,OK,ThreadSafeAI 1-9,text,true,,1400,559,1,1,https://chatgptgw-super-admin.web.app/_next/data/MF_pWor52HdlWPgiMxgdl/apps/corp/edit/0e268280-f639-4859-b0b3-b8404fe38deb.json?id=0e268280-f639-4859-b0b3-b8404fe38deb,49,0,0
1710712280077,49,/_next/data/MF_pWor52HdlWPgiMxgdl/apps/corp/edit/370674c8-c6cd-42d2-b6a2-1fe9dceffaf6.json-103,200,OK,ThreadSafeAI 1-9,text,true,,1400,559,1,1,https://chatgptgw-super-admin.web.app/_next/data/MF_pWor52HdlWPgiMxgdl/apps/corp/edit/370674c8-c6cd-42d2-b6a2-1fe9dceffaf6.json?id=370674c8-c6cd-42d2-b6a2-1fe9dceffaf6,49,0,0
1710712280127,49,/_next/data/MF_pWor52HdlWPgiMxgdl/apps/corp/edit/70cc6942-ce6e-481c-9e84-4cb8fd1348fb.json-104,200,OK,ThreadSafeAI 1-9,text,true,,1400,559,1,1,https://chatgptgw-super-admin.web.app/_next/data/MF_pWor52HdlWPgiMxgdl/apps/corp/edit/70cc6942-ce6e-481c-9e84-4cb8fd1348fb.json?id=70cc6942-ce6e-481c-9e84-4cb8fd1348fb,49,0,0
1710712280176,49,/_next/data/MF_pWor52HdlWPgiMxgdl/apps/corp/edit/96cb7ea1-ff86-4d0d-b8b0-1af7f7b0abbc.json-105,200,OK,ThreadSafeAI 1-9,text,true,,1400,559,1,1,https://chatgptgw-super-admin.web.app/_next/data/MF_pWor52HdlWPgiMxgdl/apps/corp/edit/96cb7ea1-ff86-4d0d-b8b0-1af7f7b0abbc.json?id=96cb7ea1-ff86-4d0d-b8b0-1af7f7b0abbc,49,0,0
1710712280225,48,/_next/data/MF_pWor52HdlWPgiMxgdl/apps/corp/edit/48f64df2-b7fb-4aad-9fa8-e7c999e69297.json-108,200,OK,ThreadSafeAI 1-9,text,true,,1400,559,1,1,https://chatgptgw-super-admin.web.app/_next/data/MF_pWor52HdlWPgiMxgdl/apps/corp/edit/48f64df2-b7fb-4aad-9fa8-e7c999e69297.json?id=48f64df2-b7fb-4aad-9fa8-e7c999e69297,48,0,0
1710712280273,48,/_next/data/MF_pWor52HdlWPgiMxgdl/apps/corp/edit/0a60a8c1-df2f-4f86-b566-4e82be8f1192.json-106,200,OK,ThreadSafeAI 1-9,text,true,,1400,559,1,1,https://chatgptgw-super-admin.web.app/_next/data/MF_pWor52HdlWPgiMxgdl/apps/corp/edit/0a60a8c1-df2f-4f86-b566-4e82be8f1192.json?id=0a60a8c1-df2f-4f86-b566-4e82be8f1192,48,0,0
1710712280322,48,/_next/data/MF_pWor52HdlWPgiMxgdl/apps/corp/edit/0b895e1e-c62e-4d69-b0e4-7b4c88e5c3e8.json-107,200,OK,ThreadSafeAI 1-9,text,true,,1400,559,1,1,https://chatgptgw-super-admin.web.app/_next/data/MF_pWor52HdlWPgiMxgdl/apps/corp/edit/0b895e1e-c62e-4d69-b0e4-7b4c88e5c3e8.json?id=0b895e1e-c62e-4d69-b0e4-7b4c88e5c3e8,48,0,0
1710712280370,48,/_next/data/MF_pWor52HdlWPgiMxgdl/apps/corp/edit/d46862ef-da3a-4135-827b-d0bf227178a2.json-109,200,OK,ThreadSafeAI 1-9,text,true,,1400,559,1,1,https://chatgptgw-super-admin.web.app/_next/data/MF_pWor52HdlWPgiMxgdl/apps/corp/edit/d46862ef-da3a-4135-827b-d0bf227178a2.json?id=d46862ef-da3a-4135-827b-d0bf227178a2,48,0,0
1710712280418,47,/_next/data/MF_pWor52HdlWPgiMxgdl/apps/corp/edit/8c98cfa1-139b-4e19-92b4-187f441a66b9.json-110,200,OK,ThreadSafeAI 1-9,text,true,,1400,559,1,1,https://chatgptgw-super-admin.web.app/_next/data/MF_pWor52HdlWPgiMxgdl/apps/corp/edit/8c98cfa1-139b-4e19-92b4-187f441a66b9.json?id=8c98cfa1-139b-4e19-92b4-187f441a66b9,47,0,0
1710712280466,0,Debug Sampler,200,OK,ThreadSafeAI 1-9,text,true,,283,0,1,1,null,0,0,0
1710712280676,148,/login/-89,200,OK,ThreadSafeAI 1-10,text,true,,3169,467,1,1,https://chatgptgw-super-admin.web.app/login/,148,0,100
1710712280824,49,/_next/data/MF_pWor52HdlWPgiMxgdl/apps/corp/edit/2b3d8b74-e48a-4730-bb3a-eac7ae07d50f.json-98,200,OK,ThreadSafeAI 1-10,text,true,,1400,559,1,1,https://chatgptgw-super-admin.web.app/_next/data/MF_pWor52HdlWPgiMxgdl/apps/corp/edit/2b3d8b74-e48a-4730-bb3a-eac7ae07d50f.json?id=2b3d8b74-e48a-4730-bb3a-eac7ae07d50f,49,0,0
1710712280873,50,/_next/data/MF_pWor52HdlWPgiMxgdl/apps/corp/edit/9c16999e-3a08-41a4-a62c-fed4994f9355.json-99,200,OK,ThreadSafeAI 1-10,text,true,,1400,559,1,1,https://chatgptgw-super-admin.web.app/_next/data/MF_pWor52HdlWPgiMxgdl/apps/corp/edit/9c16999e-3a08-41a4-a62c-fed4994f9355.json?id=9c16999e-3a08-41a4-a62c-fed4994f9355,50,0,0
1710712280924,49,/_next/data/MF_pWor52HdlWPgiMxgdl/apps/corp/edit/75c9f001-3696-4462-8f7c-956c4cec3f8d.json-100,200,OK,ThreadSafeAI 1-10,text,true,,1400,559,1,1,https://chatgptgw-super-admin.web.app/_next/data/MF_pWor52HdlWPgiMxgdl/apps/corp/edit/75c9f001-3696-4462-8f7c-956c4cec3f8d.json?id=75c9f001-3696-4462-8f7c-956c4cec3f8d,49,0,0
1710712280974,48,/_next/data/MF_pWor52HdlWPgiMxgdl/apps/corp/edit/d64eab39-4186-45a2-b438-963bfbfbfce1.json-102,200,OK,ThreadSafeAI 1-10,text,true,,1400,559,1,1,https://chatgptgw-super-admin.web.app/_next/data/MF_pWor52HdlWPgiMxgdl/apps/corp/edit/d64eab39-4186-45a2-b438-963bfbfbfce1.json?id=d64eab39-4186-45a2-b438-963bfbfbfce1,48,0,0
1710712281023,49,/_next/data/MF_pWor52HdlWPgiMxgdl/apps/corp/edit/0e268280-f639-4859-b0b3-b8404fe38deb.json-101,200,OK,ThreadSafeAI 1-10,text,true,,1400,559,1,1,https://chatgptgw-super-admin.web.app/_next/data/MF_pWor52HdlWPgiMxgdl/apps/corp/edit/0e268280-f639-4859-b0b3-b8404fe38deb.json?id=0e268280-f639-4859-b0b3-b8404fe38deb,49,0,0
1710712281073,50,/_next/data/MF_pWor52HdlWPgiMxgdl/apps/corp/edit/370674c8-c6cd-42d2-b6a2-1fe9dceffaf6.json-103,200,OK,ThreadSafeAI 1-10,text,true,,1400,559,1,1,https://chatgptgw-super-admin.web.app/_next/data/MF_pWor52HdlWPgiMxgdl/apps/corp/edit/370674c8-c6cd-42d2-b6a2-1fe9dceffaf6.json?id=370674c8-c6cd-42d2-b6a2-1fe9dceffaf6,49,0,0
1710712281124,49,/_next/data/MF_pWor52HdlWPgiMxgdl/apps/corp/edit/70cc6942-ce6e-481c-9e84-4cb8fd1348fb.json-104,200,OK,ThreadSafeAI 1-10,text,true,,1400,559,1,1,https://chatgptgw-super-admin.web.app/_next/data/MF_pWor52HdlWPgiMxgdl/apps/corp/edit/70cc6942-ce6e-481c-9e84-4cb8fd1348fb.json?id=70cc6942-ce6e-481c-9e84-4cb8fd1348fb,49,0,0
1710712281174,50,/_next/data/MF_pWor52HdlWPgiMxgdl/apps/corp/edit/96cb7ea1-ff86-4d0d-b8b0-1af7f7b0abbc.json-105,200,OK,ThreadSafeAI 1-10,text,true,,1400,559,1,1,https://chatgptgw-super-admin.web.app/_next/data/MF_pWor52HdlWPgiMxgdl/apps/corp/edit/96cb7ea1-ff86-4d0d-b8b0-1af7f7b0abbc.json?id=96cb7ea1-ff86-4d0d-b8b0-1af7f7b0abbc,50,0,0
1710712281225,49,/_next/data/MF_pWor52HdlWPgiMxgdl/apps/corp/edit/48f64df2-b7fb-4aad-9fa8-e7c999e69297.json-108,200,OK,ThreadSafeAI 1-10,text,true,,1400,559,1,1,https://chatgptgw-super-admin.web.app/_next/data/MF_pWor52HdlWPgiMxgdl/apps/corp/edit/48f64df2-b7fb-4aad-9fa8-e7c999e69297.json?id=48f64df2-b7fb-4aad-9fa8-e7c999e69297,49,0,0
1710712281274,48,/_next/data/MF_pWor52HdlWPgiMxgdl/apps/corp/edit/0a60a8c1-df2f-4f86-b566-4e82be8f1192.json-106,200,OK,ThreadSafeAI 1-10,text,true,,1400,559,1,1,https://chatgptgw-super-admin.web.app/_next/data/MF_pWor52HdlWPgiMxgdl/apps/corp/edit/0a60a8c1-df2f-4f86-b566-4e82be8f1192.json?id=0a60a8c1-df2f-4f86-b566-4e82be8f1192,48,0,0
1710712281323,48,/_next/data/MF_pWor52HdlWPgiMxgdl/apps/corp/edit/0b895e1e-c62e-4d69-b0e4-7b4c88e5c3e8.json-107,200,OK,ThreadSafeAI 1-10,text,true,,1400,559,1,1,https://chatgptgw-super-admin.web.app/_next/data/MF_pWor52HdlWPgiMxgdl/apps/corp/edit/0b895e1e-c62e-4d69-b0e4-7b4c88e5c3e8.json?id=0b895e1e-c62e-4d69-b0e4-7b4c88e5c3e8,48,0,0
1710712281372,49,/_next/data/MF_pWor52HdlWPgiMxgdl/apps/corp/edit/d46862ef-da3a-4135-827b-d0bf227178a2.json-109,200,OK,ThreadSafeAI 1-10,text,true,,1400,559,1,1,https://chatgptgw-super-admin.web.app/_next/data/MF_pWor52HdlWPgiMxgdl/apps/corp/edit/d46862ef-da3a-4135-827b-d0bf227178a2.json?id=d46862ef-da3a-4135-827b-d0bf227178a2,49,0,0
1710712281422,49,/_next/data/MF_pWor52HdlWPgiMxgdl/apps/corp/edit/8c98cfa1-139b-4e19-92b4-187f441a66b9.json-110,200,OK,ThreadSafeAI 1-10,text,true,,1400,559,1,1,https://chatgptgw-super-admin.web.app/_next/data/MF_pWor52HdlWPgiMxgdl/apps/corp/edit/8c98cfa1-139b-4e19-92b4-187f441a66b9.json?id=8c98cfa1-139b-4e19-92b4-187f441a66b9,49,0,0
1710712281471,0,Debug Sampler,200,OK,ThreadSafeAI 1-10,text,true,,284,0,1,1,null,0,0,0
